{"packages/cupertino_icons/assets/CupertinoIcons.ttf":["packages/cupertino_icons/assets/CupertinoIcons.ttf"],"packages/elbe/assets/font/Calistoga-Regular.ttf":["packages/elbe/assets/font/Calistoga-Regular.ttf"],"packages/elbe/assets/font/space_mono/SpaceMono-Bold.ttf":["packages/elbe/assets/font/space_mono/SpaceMono-Bold.ttf"],"packages/elbe/assets/font/space_mono/SpaceMono-BoldItalic.ttf":["packages/elbe/assets/font/space_mono/SpaceMono-BoldItalic.ttf"],"packages/elbe/assets/font/space_mono/SpaceMono-Italic.ttf":["packages/elbe/assets/font/space_mono/SpaceMono-Italic.ttf"],"packages/elbe/assets/font/space_mono/SpaceMono-Regular.ttf":["packages/elbe/assets/font/space_mono/SpaceMono-Regular.ttf"],"packages/elbe/assets/logo_elbe.png":["packages/elbe/assets/logo_elbe.png"],"packages/lucide_icons/assets/lucide.ttf":["packages/lucide_icons/assets/lucide.ttf"]}