[{"family":"MaterialIcons","fonts":[{"asset":"fonts/MaterialIcons-Regular.otf"}]},{"family":"packages/cupertino_icons/CupertinoIcons","fonts":[{"asset":"packages/cupertino_icons/assets/CupertinoIcons.ttf"}]},{"family":"packages/elbe/Calistoga","fonts":[{"asset":"packages/elbe/assets/font/Calistoga-Regular.ttf"}]},{"family":"packages/elbe/SpaceMono","fonts":[{"asset":"packages/elbe/assets/font/space_mono/SpaceMono-Regular.ttf"},{"weight":700,"asset":"packages/elbe/assets/font/space_mono/SpaceMono-Bold.ttf"},{"style":"italic","asset":"packages/elbe/assets/font/space_mono/SpaceMono-Italic.ttf"},{"weight":700,"style":"italic","asset":"packages/elbe/assets/font/space_mono/SpaceMono-BoldItalic.ttf"}]},{"family":"packages/lucide_icons/Lucide","fonts":[{"asset":"packages/lucide_icons/assets/lucide.ttf"}]}]